<component size="640,890">
  <displayList>
    <graph id="n16" name="n16" xy="30,452" size="424,119" type="rect" fillColor="#ff000000"/>
    <graph id="n15" name="n15" xy="32,84" size="337,50" type="rect"/>
    <text id="n2" name="n2" xy="32,84" size="337,50" fontSize="16" color="#cc3300" align="center" vAlign="middle" autoSize="none" text="使用对齐"/>
    <graph id="n14" name="n14" xy="33,144" size="459,160" type="rect" fillColor="#ff000000"/>
    <text id="n0" name="n0" xy="37,47" size="149,20" fontSize="16" text="自动调整大小的文本"/>
    <text id="n3" name="n3" xy="211,48" size="73,20" fontSize="16" color="#993300" align="center" vAlign="middle" underline="true" bold="true" italic="true" text="字体样式"/>
    <text id="n4" name="n4" xy="301,48" size="69,20" fontSize="16" color="#ffffff" align="center" vAlign="middle" strokeColor="#000000" text="描边效果"/>
    <text id="n5" name="n5" xy="33,144" size="459,160" fontSize="16" color="#ffffff" leading="12" ubb="true" autoSize="none" text="可以使用UBB语法：&#xA;[color=#FF3300][b]FairyGUI Editor[/b][/color]是一个[i]所见即所得[/i]的[size=30]游戏UI编辑器[/size]，无需编写代码和编写任何配置文件，即可构建各种[color=#FFFF00]复杂的游戏界面[/color]。"/>
    <text id="n7" name="n7" xy="111,317" size="345,54" font="ui://9leh0eyfduef6m" fontSize="16" color="#ffffff" leading="12" autoSize="height" text="1234567890"/>
    <text id="n8" name="n8" xy="27,334" size="85,20" fontSize="16" text="位图字体："/>
    <text id="n10" name="n10" xy="29,381" size="229,20" fontSize="16" text="还可以使用BMFont制作的字体："/>
    <text id="n11" name="n11" xy="258,379" size="225,36" font="ui://9leh0eyfwa8u2r" fontSize="16" color="#993300" text="如何使用UI编辑器"/>
    <richtext id="n12" name="n12" xy="30,452" size="424,119" fontSize="16" color="#ccff00" ubb="true" autoSize="none" text="多媒体文本支持点击/触摸事件，可以直接使用html标签（仅支持部分），可以带链接和图片，但显示的内容在编辑器里可能不能正确预览&#xA;&lt;img src='ui://9leh0eyfrpmb6'/>这是一个图片&#xA;&lt;a href='event:xx'>这是一个链接，点我试试&lt;/a>"/>
    <text id="n17" name="n17" xy="39,12" size="293,20" fontSize="16" color="#ccff00" text="普通文本是不支持任何点击和触摸事件的"/>
    <graph id="n18" name="n18" xy="152,592" size="348,35" type="rect"/>
    <text id="n19" name="n19" xy="156,594" size="341,29" input="true" prompt="[i][color=#999999]请输入名字[/color][/i]" fontSize="22" vAlign="middle" autoSize="none" singleLine="true" text=""/>
    <text id="n20" name="n20" xy="41,597" size="115,26" fontSize="22" text="输入文本："/>
    <text id="n21" name="n21" xy="154,633" size="352,26" fontSize="22" color="#ff3300" autoSize="height" text=""/>
    <component id="n22" name="n22" src="u6rh7e" xy="517,627">
      <Button title="获取输入"/>
    </component>
  </displayList>
</component>