<component size="640,400">
  <displayList>
    <component id="n1" name="n1" src="rt103t" xy="67,83">
      <ComboBox visibleItemCount="10">
        <item title="项目1"/>
        <item title="项目2"/>
        <item title="项目3"/>
        <item title="项目4"/>
        <item title="项目5"/>
        <item title="项目6"/>
        <item title="项目7"/>
        <item title="项目8"/>
      </ComboBox>
    </component>
    <text id="n2" name="n2" xy="10,16" size="614,20" fontSize="16" autoSize="height" text="组合框(ComboBox)是对组件的一种扩展，提供一个下拉列表给用户选择"/>
    <component id="n4" name="n4" src="zd9g41" xy="242,156">
      <ComboBox visibleItemCount="5">
        <item title="项目1"/>
        <item title="项目2"/>
        <item title="项目3"/>
        <item title="项目4"/>
        <item title="项目5"/>
        <item title="项目6"/>
        <item title="项目7"/>
      </ComboBox>
    </component>
    <component id="n5" name="n5" src="zd9g41" xy="64,160">
      <ComboBox visibleItemCount="10">
        <item title="项目1"/>
        <item title="项目2"/>
        <item title="项目3"/>
        <item title="项目4"/>
        <item title="项目5"/>
        <item title="项目6"/>
        <item title="项目7"/>
      </ComboBox>
    </component>
    <component id="n6" name="n6" src="rt103t" xy="240,85">
      <ComboBox visibleItemCount="5">
        <item title="项目1"/>
        <item title="项目2"/>
        <item title="项目3"/>
        <item title="项目4"/>
        <item title="项目5"/>
        <item title="项目6"/>
        <item title="项目7"/>
        <item title="项目8"/>
      </ComboBox>
    </component>
  </displayList>
</component>