<component size="102,40" extention="Button">
  <controller name="button" pages="0,up,1,down,2,over,3,selectedOver" selected="0"/>
  <displayList>
    <image id="n1" name="n1" src="zd9g4a" xy="0,0">
      <gearDisplay controller="button" pages="0"/>
      <relation target="" sidePair="width-width,height-height"/>
    </image>
    <image id="n2" name="n2" src="zd9g4b" xy="0,0">
      <gearDisplay controller="button" pages="1"/>
      <relation target="" sidePair="width-width,height-height"/>
    </image>
    <image id="n3" name="n3" src="zd9g4c" xy="0,0">
      <gearDisplay controller="button" pages="2"/>
      <relation target="" sidePair="width-width,height-height"/>
    </image>
    <image id="n4" name="n4" src="zd9g4d" xy="0,0">
      <gearDisplay controller="button" pages="3"/>
      <relation target="" sidePair="width-width,height-height"/>
    </image>
    <text id="n5" name="title" xy="0,0" size="102,40" fontSize="15" color="#ffff00" align="center" vAlign="middle" autoSize="none">
      <relation target="" sidePair="width-width,height-height"/>
    </text>
  </displayList>
  <Button/>
</component>